CPU Name,"Apr 13, 2024","Apr 14, 2024","Apr 15, 2023","Apr 15, 2024","Apr 16, 2024","Apr 21, 2024","Apr 22, 2024","Apr 23, 2024","Apr 24, 2024","Apr 26, 2024","Apr 27, 2024","Apr 28, 2024","Apr 29, 2024","Apr 3, 2024","Apr 30, 2024","Apr 4, 2024","Aug 10, 2024","Aug 21, 2024","Aug 25, 2024","Aug 7, 2024","Aug 8, 2024","Aug 9, 2024","Dec 1, 2024","Dec 15, 2022","Dec 2, 2024","Dec 26, 2023","Dec 3, 2024","Dec 4, 2024","Dec 5, 2024","Dec 6, 2024","Feb 15, 2024","Feb 24, 2024","Feb 3, 2024","Jan 30, 2024","Jul 10, 2024","Jul 11, 2024","Jul 16, 2024","Jul 18, 2024","Jul 22, 2024","Jul 28, 2024","Jul 5, 2024","Jun 12, 2024","Jun 2, 2024","Jun 21, 2024","Jun 27, 2024","Jun 4, 2024","Jun 5, 2024","Jun 7, 2024","Jun 9, 2024","Mar 10, 2024","Mar 11, 2024","Mar 26, 2024","May 1, 2024","May 10, 2024","May 13, 2024","May 14, 2024","May 15, 2024","May 16, 2024","May 17, 2024","May 18, 2024","May 2, 2024","May 20, 2024","May 21, 2024","May 22, 2024","May 23, 2024","May 24, 2024","May 28, 2024","May 31, 2023","May 31, 2024","May 4, 2023","May 4, 2024","May 7, 2024","May 9, 2024","Nov 1, 2024","Nov 10, 2024","Nov 11, 2024","Nov 12, 2024","Nov 13, 2024","Nov 14, 2024","Nov 15, 2021","Nov 15, 2024","Nov 16, 2024","Nov 17, 2024","Nov 18, 2024","Nov 19, 2024","Nov 2, 2024","Nov 20, 2024","Nov 21, 2024","Nov 22, 2021","Nov 22, 2024","Nov 23, 2024","Nov 24, 2024","Nov 25, 2024","Nov 26, 2024","Nov 27, 2022","Nov 27, 2024","Nov 28, 2024","Nov 29, 2024","Nov 3, 2024","Nov 30, 2024","Nov 4, 2024","Nov 5, 2024","Nov 6, 2024","Nov 7, 2024","Nov 8, 2024","Nov 9, 2024","Oct 1, 2024","Oct 10, 2024","Oct 11, 2024","Oct 12, 2024","Oct 13, 2024","Oct 14, 2024","Oct 15, 2024","Oct 16, 2024","Oct 17, 2024","Oct 18, 2024","Oct 19, 2024","Oct 2, 2024","Oct 20, 2024","Oct 21, 2024","Oct 22, 2024","Oct 23, 2024","Oct 24, 2024","Oct 25, 2024","Oct 26, 2023","Oct 26, 2024","Oct 27, 2024","Oct 28, 2024","Oct 29, 2024","Oct 3, 2024","Oct 30, 2024","Oct 31, 2024","Oct 4, 2024","Oct 5, 2024","Oct 6, 2024","Oct 7, 2024","Oct 8, 2024","Oct 9, 2024","Sep 10, 2024","Sep 11, 2024","Sep 12, 2024","Sep 13, 2024","Sep 14, 2024","Sep 15, 2024","Sep 16, 2024","Sep 17, 2024","Sep 18, 2024","Sep 19, 2022","Sep 19, 2024","Sep 20, 2024","Sep 21, 2024","Sep 22, 2024","Sep 23, 2024","Sep 24, 2024","Sep 25, 2024","Sep 26, 2024","Sep 27, 2024","Sep 28, 2024","Sep 29, 2024","Sep 30, 2024","Sep 6, 2024","Sep 7, 2024","Sep 8, 2024","Sep 9, 2024"
AMD Ryzen 3 1200,,,,,,,,,,,,,,,,,,,,,,,10.5,,15.99,,,15.93,,,,,,,,,,,,,,,,,,,,,,,,,,,,,,,,,,,,,,,,,,,,,,,15.0,,,18.0,,,19.99,17.99,,22.0,18.5,,18.5,,,,15.0,,19.23,,,,,25.0,18.48,,18.5,19.95,,,,,14.99,20.99,19.95,,14.5,11.0,,,,,,19.97,,,27.85,,,25.0,,30.0,,24.95,,47.5,,22.83,,15.0,,19.37,27.0,,19.5,15.19,,,,,,,28.99,,,34.75,,19.99,12.0,19.5,,13.99,,,20.0,13.0,,,,
AMD Ryzen 3 1300X,,,,,,,,,,,,,,,,,,,,,,,,,,,,,,,,,,,,,,,,,,,,,,,,,,,,,,,,,,,,,,23.99,,,,,,,,,,,,25.0,17.83,,,,,,,25.0,,29.99,,,,,,,,,,,,,26.99,,,,,,,21.25,,,,31.49,,,,,26.0,,,,20.5,,,34.99,,,,,,,,,,26.99,,,,,,,,,,,,,,23.0,27.99,,,,,,,21.5,,20.0,,,,,,26.0,,,,
AMD Ryzen 3 2200G,,,,,,,,,,,,,,,,,,,,,,,22.49,,,,28.5,24.99,27.95,24.99,,,,,,,,,,,,,,,,,,,,,,,,,,,,,,,,,,,,,,,,,,,,,27.5,24.99,,28.45,,,,20.0,26.75,27.49,26.0,25.0,24.5,,,30.23,,18.99,23.95,39.95,,25.5,,28.34,29.99,26.99,,,59.99,24.18,,,27.5,,,19.0,28.0,22.25,31.5,37.99,39.99,26.24,,,31.0,,30.0,,,,,25.0,,27.99,,20.0,,29.0,,20.08,,30.0,43.5,25.74,28.48,,38.56,26.0,17.75,19.0,27.0,23.5,29.0,,35.0,27.49,,139.0,22.74,31.99,37.5,29.0,21.75,60.0,,,,,29.0,24.99
AMD Ryzen 3 3100,,,,,,,,,,,,,,,,,,,,,,,,,38.04,,23.0,39.99,35.0,,,,,,,,,,,,,,,,,,,,,,,,,,,,,,,,,,,,,,,,,,,,,,23.0,,,,32.54,,,,,21.5,46.25,36.03,,12.5,,,,,,,,35.0,44.5,,,,23.5,28.0,45.0,35.99,35.66,49.0,35.0,,,34.99,52.99,44.95,,64.99,54.0,31.0,,,30.0,,39.0,,,20.5,,24.89,,,29.99,,,,,,38.99,,,,,40.0,,37.49,60.0,,,,22.5,,,35.65,28.29,,27.99,37.49,,,,,45.0,,,,,39.6
AMD Ryzen 3 3200G,,,,,,,,,,,,,,,,,,,,,,,38.83,,35.98,,33.5,28.8,28.75,,,,,,,,,,,,,,,,,,,,,,,,,,,,,,,,,,,,,,,,,,,,,,28.75,,30.66,35.0,29.99,,54.99,,30.0,25.5,40.99,20.13,34.99,58.12,,30.87,,,44.99,,,,37.4,34.99,22.82,50.99,49.99,30.42,,36.25,40.0,,24.4,33.65,,,37.49,32.48,19.99,40.0,29.75,60.25,34.99,45.36,44.99,76.66,33.75,38.88,39.9,43.5,,,41.5,,37.5,42.5,,115.0,34.99,,31.0,36.5,,37.5,32.99,,,40.0,28.0,39.99,,45.0,56.39,,45.0,50.0,,,39.0,,19.99,,48.29,,37.5,,,,,29.33
AMD Ryzen 3 3300X,,,,,,,,,,,,,,,,,,,,,,,37.0,,,,,,43.0,,,,,,,,,,,,,,,,,,,,,,,,,,,,,,,,,,,,,,60.0,,,,,,,,,,,,34.0,,,,,45.0,,,,,,,,,45.0,,,,,,,,,,45.0,,,,,,,,,,,,,47.47,,,,,,,,69.96,,,,,,,,,69.99,43.34,,,,,,,,,,,,,,,51.5,,,,,40.0,,40.0,,,,,,,,
AMD Ryzen 3 4100,,,,,,,,,,,,,,,,,,,,,,,,,50.0,,,,,,,,,,,,,,,,,,,,,,,,,,,,,,,,,,,,,,,,,,,,,83.79,,,,,28.0,,49.99,,34.44,,44.99,,,45.0,,,,,,,,26.0,,,,42.97,,49.8,,,,,48.0,,,,,54.95,,,,,40.0,40.0,,,,,,,,,,55.0,,34.0,,,,,,,,,30.0,,,,,,,,,,,39.87,,,,,,33.0,50.0,,45.99,,,79.99,,,,,,15.5
AMD Ryzen 5 1400,,,,,,,,,,,,,,,,,,,,,,,,,,,,,39.99,,,,,,,,,,,,,,,,,,,,,,,,,,,,,,,,,,,,,,,,,,,,,15.0,,,,,85.62,,,,,,,,,25.42,,,22.25,,,25.79,,,18.0,22.99,,23.99,15.5,,30.0,,,,25.0,,,25.99,,18.0,,,50.99,,,,25.0,15.5,24.33,22.95,,,,,28.8,,,,32.99,,18.65,,18.5,18.0,24.99,15.0,20.0,,,16.13,12.5,,,,,,,24.99,,,,,,23.5,17.0,,,17.75,,,,
AMD Ryzen 5 1500X,,,,,,,,,,,,,,,,,,,,,,,,,,,,,25.99,,,,,,,,,,,,,,,,,,,,,,,,,,,,,,,,,,,,,,,,,,,,,,,,,,,,,,,,23.99,,,,,,,,,,,,,25.0,,,,,,,,,,,,,,,,,,17.0,,,,,,,,,,,,,,28.0,,,,,25.0,,,,33.33,99.99,39.99,,,,,,,,,,,,,,26.5,,,,,,,,,
AMD Ryzen 5 1600,,,,,,,,,,,,,,,,,,,,,,,50.74,,25.98,,12.7,36.99,27.99,,,,,,,,,,,,,,,,,,,,,,,,,,,,,,,38.53,,,,,,,,,,,,,20.0,,,47.83,23.76,28.0,,,27.5,30.0,28.0,84.99,25.99,39.99,25.0,28.0,,20.99,36.0,25.99,36.99,48.5,,41.0,,27.99,24.0,30.0,26.0,,,,26.0,56.24,52.25,,44.99,31.49,29.99,28.98,,29.99,21.49,37.0,29.99,25.0,33.0,,,38.99,32.5,,,32.5,26.37,54.5,,29.99,50.0,,20.0,34.99,27.75,46.0,52.65,110.0,82.75,25.99,60.22,34.99,,,60.24,24.39,19.99,,,,30.0,15.5,28.0,123.16,,,30.0,21.5,29.99,,,,30.0,30.0
AMD Ryzen 5 1600X,,,,,,,,,,,,,,,,,,,,,,,,,,,,,,,,,,,,,,,,,,,,,,,,,,,,,,,,,,,,,,,,,,,,,,,,,,,,33.0,,,,,,29.99,36.99,39.75,30.0,,34.5,,,,15.33,,,,,,,32.99,,49.0,,,,,,22.5,35.0,39.95,35.0,,,,,35.0,20.0,,,34.2,30.0,30.0,,,,,,34.5,,,65.0,,32.99,,,,29.0,29.99,,,34.99,,,,,24.57,24.99,,,,33.0,,22.5,,,,,,,40.0,29.95,24.99,,,,
AMD Ryzen 5 2400G,,,,,,,84.99,,,,37.99,,89.99,,,,,,,,,,63.12,,264.49,,92.6,91.23,55.9,110.91,,,,,,,,,,,,,36.99,,,,45.99,,,,,,,35.0,,,62.99,,,,36.99,,,,,42.99,,,,,,,,51.23,,35.15,39.99,749.95,89.0,,74.73,32.5,53.75,36.54,54.41,,102.32,90.0,,21.25,30.0,41.49,33.99,,,,,29.99,,27.75,30.99,42.24,22.0,44.48,84.97,56.99,95.33,99.3,89.99,44.99,20.5,109.5,28.57,52.98,57.49,41.0,56.18,48.0,,61.69,270.0,212.5,27.48,24.99,,76.49,57.5,112.87,47.76,69.99,62.77,81.31,75.0,71.25,55.87,50.98,202.08,,25.81,43.29,56.4,87.67,,23.4,,41.99,,,50.09,67.75,34.99,,54.75,33.23,96.5,49.66,45.24,115.0,,63.5,,,25.25,57.99
AMD Ryzen 5 2600,,,,,,49.99,,,,,,,,,,,,,,,,,40.82,,37.25,,38.33,31.91,49.37,67.5,,,,,,,,,,,,,,,46.35,,,,,,,,,,,,,,,,,,,,,,,,,,,,57.53,46.0,38.67,38.97,39.99,182.5,33.33,,45.0,27.32,39.99,41.66,34.0,33.5,31.01,32.6,,34.97,37.0,35.75,34.0,38.0,,30.82,40.0,46.66,35.87,38.5,,34.75,36.33,38.5,38.5,39.64,47.0,91.75,38.0,46.67,,30.0,30.0,51.98,37.5,34.99,36.25,34.16,41.96,34.25,29.0,39.5,36.0,,,,48.0,33.25,28.0,36.37,29.75,23.12,36.65,36.33,34.99,30.81,44.0,40.4,,,61.87,35.35,28.52,31.98,38.0,35.13,38.75,,41.25,38.5,34.0,35.23,34.0,43.0,37.5,28.52,37.49,,29.67,31.5,,,60.3,48.5
AMD Ryzen 5 2600X,,,,,,,,,,,,,,,,,,,,,,,,,,,30.0,,38.25,,,,,,,,,,,,,,,,,,,,,,,,,,,,,,,,,,,,,,,,,,,,,,,65.57,44.99,45.0,47.5,,50.0,25.0,44.0,79.99,,,35.0,,,39.99,,41.0,34.5,46.5,,43.55,,,,44.67,42.0,42.0,,,13.5,65.0,35.0,31.5,41.4,34.0,33.0,51.0,33.39,44.97,34.0,,39.75,35.0,40.5,,36.49,,,34.99,,,18.54,45.0,65.0,49.99,42.0,,,37.48,36.0,40.0,,37.0,35.75,,39.0,39.0,,,38.49,,38.0,,46.99,40.0,,37.0,,,70.0,,44.5,,43.0,68.0,,,44.99,36.83
AMD Ryzen 5 3400G,,,,,,,,,,,,,,,,,,,,,,,77.24,,49.99,,41.65,70.0,56.65,,,,,,,,,,,,,,,,,,,,,,,,,,,,,,,,,,,,,,,,,,,,,82.0,,46.66,50.0,64.0,49.2,,185.73,,179.99,46.84,43.0,43.0,46.75,,,44.99,44.0,61.98,54.02,99.99,,53.0,78.5,559.99,59.33,,48.5,52.66,133.75,,,41.0,49.13,,198.33,119.5,119.0,,37.63,39.95,49.66,,,46.85,39.99,55.99,45.0,65.0,,191.37,,42.99,43.5,,,42.0,41.99,39.0,,89.84,71.5,180.33,,87.74,,74.66,299.99,92.95,,99.0,98.74,,,,47.5,59.37,67.0,109.0,106.87,94.0,79.48,,295.26,,50.0,80.5,,,59.99,54.99
AMD Ryzen 5 3500,,,,,,,,,,,,,,,,,,,,,,,,,39.99,,,45.88,,,,,,,,,,,,,,,,49.99,,,,,,,,,,,,,,,,,,,,,,,,,,,,,,51.8,,,39.0,40.0,46.0,,,,,42.0,45.99,,,,,,69.5,,,,,,,,45.98,,,49.5,,,,,60.0,59.99,,,,,,,,50.15,46.0,19.5,55.0,43.0,,,,,,,,,42.99,,,,40.0,,30.0,,,,,,50.0,31.0,22.49,,60.0,,,,,,,,,,80.0,59.0,,,,,,,,
AMD Ryzen 5 3500X,,,,,,,,,,,,,,,,,,,,,,,46.0,,44.0,,,,50.0,,,,,70.5,,,,,,,,,,,,,,,,,,,,,,65.0,,,,,,,,,,,,,,,,,,,,,,,,,,,48.88,,,,70.0,,,,,46.0,,,,,,46.0,,49.0,46.0,89.31,,,,,,,84.99,,,,,,46.99,,45.07,,,,,,,,,,,,65.0,,,,,,48.0,,,,25.0,,,47.5,,,,,,,,,,,,,,,,44.04,,,,,,44.0
AMD Ryzen 5 3600,,,,,,,,,,,,75.0,,,79.14,,,,,,,67.99,56.51,,58.64,,57.21,75.28,58.19,65.0,103.03,,,,,70.99,,,,,,,,,,,,,,,,,,,,,,,,,,,,,79.99,,,,,,,,,64.78,58.34,55.83,56.0,71.16,54.5,,63.45,53.27,55.64,53.5,64.55,56.4,63.32,57.15,,64.86,62.6,59.57,64.0,65.98,,61.8,66.75,53.33,57.33,53.12,53.61,57.64,55.89,50.43,38.62,49.67,59.87,104.6,62.15,63.9,58.38,63.63,61.08,61.69,62.2,69.44,55.65,50.09,55.11,53.69,52.72,62.36,57.6,53.49,,57.69,64.4,64.17,54.69,,58.2,60.66,53.46,50.12,60.51,59.43,66.35,65.81,,,,66.79,126.67,55.56,52.38,58.04,50.0,,48.97,49.8,64.16,55.4,61.1,55.83,56.49,57.33,57.49,72.43,60.57,49.99,,64.99,,
AMD Ryzen 5 3600X,,,,,,,,,,,,,,,,,,,,,,,15.49,,62.88,,62.7,,72.5,62.0,,,,,,,,,,,,,,,,,,,,,,,,,,,,,,,,,,,,,,,,,,,,,79.99,,48.0,,55.0,,58.43,75.0,60.5,65.67,45.99,60.33,50.0,61.0,,57.6,14.99,26.0,69.0,60.08,,56.0,,68.75,57.5,58.42,63.3,63.16,,57.0,65.0,58.26,69.87,281.0,43.84,63.25,23.75,64.18,62.48,45.0,52.0,63.49,,59.99,42.67,54.24,66.0,,69.0,56.0,,63.0,65.0,60.0,59.66,62.99,70.5,61.0,49.99,52.23,59.35,,65.5,,53.57,,80.0,,64.66,,15.0,46.74,59.99,,57.25,71.73,67.64,55.0,64.25,,69.99,59.32,52.78,53.0,16.99,61.0,,,,
AMD Ryzen 5 4500,,,,,,,,,,,,,,,,,,,,,,,,,49.0,,50.0,55.0,,,,,,,81.46,,,,,,,,,,,,,,,,,,,,,,,,,,,,,,,,,,,,,,,58.49,,,,40.99,44.0,,58.99,57.42,56.43,64.0,,,47.47,,,65.0,,50.25,,,,,69.99,,,56.67,77.77,59.95,,49.99,,50.0,89.99,70.0,,,46.25,,44.99,58.75,,48.0,,49.99,45.0,,60.0,65.99,55.0,45.99,90.62,,50.0,65.0,59.0,54.99,,,62.0,,,73.09,,56.49,,52.32,,59.48,,,57.97,,,,88.0,,,,,50.96,48.4,50.96,,62.99,,,,,50.96,20.5
AMD Ryzen 5 4600G,,,,,,,,,,,,,,,,,,,,,,,52.5,,85.0,,,79.99,,,,,,,,,,,,,,,,,,,,,,,,117.93,,,,,,,,,,,,,,,,,,,,,,,49.0,56.2,,,90.0,,,,,,60.0,79.69,,,,65.0,,,,,121.07,62.55,,,89.99,,,75.0,,74.58,,,,,39.99,,48.0,49.99,,,,,,75.0,73.5,,75.0,,,75.0,,,,,83.49,,,65.0,99.95,,93.46,99.0,,,,80.0,,75.98,172.89,79.99,87.99,90.0,,,,79.99,74.99,,74.0,75.0,78.0,,79.99,,,89.99,,,,
AMD Ryzen 5 5500,,,,,,,,,,,,,,,,,,,,,,90.0,57.0,,97.5,,62.05,66.7,80.24,,,,,,,,,,,87.85,,,,,,,,,,,,,,,,,,,,,,,,,,,,,,,,,,76.66,84.05,60.2,72.0,57.49,69.66,,61.32,61.0,60.5,53.0,64.25,,74.99,53.74,,63.33,65.24,68.99,71.0,,,65.0,,71.49,56.0,21.5,62.0,57.33,64.0,61.33,,69.99,64.0,66.53,64.99,42.73,62.7,72.0,76.65,,51.33,71.5,74.99,75.25,32.6,,75.0,79.98,72.0,70.0,,72.07,77.5,66.1,66.0,90.0,69.5,58.66,46.99,,79.99,74.48,69.99,87.07,90.34,62.0,62.0,65.0,53.75,,32.9,71.92,57.66,,61.0,75.0,66.1,78.99,52.48,69.66,80.0,55.0,67.5,41.25,,69.33,,,,32.75
AMD Ryzen 5 5600,,,,,,,,,,,,,,,,,,,,,,,89.67,,63.75,,100.0,94.0,,,,,,,,,,,,,,,,,,,,,,,,,,,,,,,,,,,,137.99,,,,,,,,,,,85.57,92.5,84.0,83.73,98.0,,59.99,79.99,107.99,92.0,83.33,95.5,,77.0,,70.0,88.81,80.0,94.5,95.0,,82.5,77.5,97.25,88.25,89.51,,71.86,74.62,78.0,96.85,,,,93.0,,,,107.99,94.66,94.5,88.0,100.99,,,93.33,110.0,76.53,84.49,84.49,,,60.0,96.83,34.0,,,,,,,,,,,,,,,,,,,,,,,,,,,,,,,,,,,
AMD Ryzen 5 5600G,,,,,,,,,,,150.97,,,,,,,,,,,,88.99,,84.04,174.99,44.0,62.66,99.08,114.47,,,,,,,,,,,,,,,,,,,,,,,141.32,,,,,,,,,,,,,,,,,,,,146.91,88.74,89.77,,,92.03,85.41,,88.6,97.5,90.82,88.83,84.99,91.64,97.94,78.82,,108.19,86.72,84.33,89.33,59.0,,84.6,79.48,108.4,86.0,92.0,86.66,60.25,83.33,87.83,113.99,95.0,89.99,108.0,96.75,50.0,88.5,84.61,106.53,82.81,93.46,87.5,78.33,76.36,79.5,76.33,87.5,87.5,101.97,95.0,,,99.79,82.5,43.78,66.5,100.0,75.0,75.0,80.49,90.5,74.48,85.83,88.0,60.48,,99.99,134.99,63.97,93.46,82.11,77.57,97.5,,88.33,82.8,83.5,98.29,84.5,98.16,84.23,101.41,106.5,92.24,87.47,77.91,84.99,85.0,91.0,60.81
AMD Ryzen 5 5600X,125.0,,152.71,,,,,,,,,,,,,,,,,,,,82.26,,84.66,,93.48,105.8,88.53,95.0,,,,,,,,,,,,,,,,,,,,,,,,99.99,,,134.97,,99.0,,,,,,134.99,,,,,,,,,108.56,101.31,97.88,100.5,93.22,78.99,,99.16,93.95,89.89,78.75,96.44,96.8,78.7,96.07,,81.83,86.9,84.16,78.3,80.58,,79.78,95.86,87.57,85.4,83.2,80.53,94.98,95.54,104.1,82.12,85.6,96.36,88.0,110.75,96.17,90.13,104.84,84.21,110.99,72.5,90.02,107.38,91.72,93.89,94.0,93.81,89.16,94.79,90.86,,89.35,96.63,92.15,85.09,95.0,98.78,96.29,108.99,82.67,91.5,87.5,97.99,80.6,96.19,82.1,71.5,83.19,94.2,92.59,93.14,92.28,92.66,,101.43,100.56,97.5,90.42,92.54,98.85,95.67,95.11,124.49,69.66,105.22,92.71,,86.38,102.61,78.78
AMD Ryzen 5 5600X3D,,,,,,,,,,,,,,,,,,,,,,,,,,,,,,,,,,,,,,,,,,,,,,,,,,,,,,,,,,,,,,,,,,,,,,,,,,,200.0,,,,,,,,,249.99,166.5,,,,,,,,,,,,,,,,,,,,,,,,,,,,,,,,,,,,,,,,,,,,,,255.99,,,,,,,,,,,239.0,,,,,,,339.99,199.0,,,,,,,,189.99,,,,,,
AMD Ryzen 5 7500F,,,,,,,,,,,,,,,,,,,,,,,,,145.66,,161.22,188.99,128.75,,,,,,,,,,,,,,,,,,,,,,,,,,,,,,,,,,,,,,,,,,,,,,,155.0,,120.01,,,,159.95,,154.75,164.72,,,,,165.55,,140.0,,209.0,,,169.48,,201.59,199.99,,,,,,,152.5,165.85,,140.0,,191.36,,,,124.47,,,,,,,177.0,159.99,,,,,130.0,,,,162.99,,,191.26,,,195.2,,,,,,,,119.0,,169.99,145.0,,,,,169.0,,,,159.0,,,,,162.6
AMD Ryzen 5 7600,,,,,,,,,,,,189.98,,,,,,,,,,,149.99,,102.5,,186.58,208.49,156.0,169.99,,224.13,,,,,,149.99,,,,,,,,,,,,,,,,,,,,,,,,,,,,,,,,,,,,,,160.0,,174.98,,,151.3,129.99,,130.0,120.0,138.5,135.0,152.33,,,160.0,,137.5,39.0,,136.67,161.94,161.44,135.17,70.0,145.0,139.0,148.75,135.0,149.41,,149.83,,159.97,166.5,,,175.0,131.0,135.0,149.99,,140.0,,39.0,,132.5,145.5,,,,65.0,189.99,140.0,,,140.0,146.5,,147.5,179.95,,156.35,174.5,140.0,152.5,,140.0,130.0,139.33,161.31,,,140.0,,140.0,155.5,,150.0,140.0,,135.99,140.0,159.0,135.0,,,159.97,140.25
AMD Ryzen 5 7600X,,,,194.99,,,,,,,,,,,,173.56,,,169.99,,,,196.92,,186.39,,180.0,163.33,200.21,167.5,,,,,,,,,,,,,,,,,,,,,,,,,,,,,,,,,,,150.0,,,,,,,,,199.99,182.94,199.0,186.59,161.28,177.68,,182.15,171.5,155.0,135.28,171.25,136.3,161.48,160.0,,181.09,150.0,150.0,165.66,129.58,,158.41,143.73,180.79,182.5,186.29,197.99,165.05,110.0,175.61,188.98,169.22,188.36,120.75,128.66,189.63,111.5,179.33,173.06,126.78,212.33,193.94,199.0,192.0,172.5,189.95,179.25,155.0,139.98,171.6,,,181.75,,,183.16,117.5,165.0,159.5,161.5,172.5,120.38,100.0,128.47,168.79,172.66,150.83,177.99,175.37,147.67,169.5,172.59,168.0,,160.49,171.99,157.5,170.4,120.95,151.25,151.0,148.97,170.5,171.33,178.73,127.5,,93.99,189.95,171.4
AMD Ryzen 5 8500G,,,,,,,,,,,,,,,,,,,,,,,,,132.5,,122.5,,164.95,,,,,,,,,,,,,,,,,,,,,,,,,,,,,,,,,,,,,,,,,,,,,151.99,,169.99,,,122.5,,,,,,350.0,,,,,,,,,,,,,,,,,,,,,,,,,,,,,,,,,,,,,,,,,,,,,,,,,,149.99,,,,,139.99,,,,,,,,,,,,160.69,,,,,,,,,,,,
AMD Ryzen 5 8600G,,,,,,,,,,,,,,,,,,,,,,,,,,,185.0,159.99,,155.0,,,,,,,,,,,,,,,,,,,,,,,,,,,,,,,,,,,,,,,,,,,,,,,,150.0,56.0,,,,,,194.45,159.99,,,,,,,,169.99,,,169.99,,,,,,160.0,,,,,,,,,,,,,135.0,150.0,,121.0,,,,,,,,,,,,140.0,,,,160.0,155.0,,,,165.0,,107.99,,,,134.19,,,,,301.0,,125.0,,,159.99,,,,,,,,
AMD Ryzen 5 9600X,,,,,,,,,,,,,,,,,,,,,,,248.79,,239.99,,263.89,248.79,,248.79,,,,,,,,,,,,,,,,,,,,,,,,,,,,,,,,,,,,,,,,,,,,,,,259.99,165.0,280.7,,,239.99,194.0,175.0,,,257.08,,,,,,247.99,,,217.47,239.99,247.51,,185.0,,,,,,224.99,,220.0,,,,,,,,,,,,,,,251.99,,,,,,,,,,,,,,,,,,,279.0,,,,,,,,,,,,,183.6,274.0,,,,,,,,
AMD Ryzen 7 1700,,,,,,,,,,,,,,,,,,,,,,,99.5,,49.99,,,,,,,,,,,,,,,,,,,,,,,,,,,,,,,,,,,,,,,,,,,,,,,,,,44.99,119.99,,36.0,,,,59.99,44.16,32.5,42.81,37.99,77.22,,,,,46.36,35.0,42.66,,,,62.0,99.99,37.66,,44.99,77.5,,49.95,100.0,47.48,141.08,129.98,37.79,,41.95,139.99,40.92,,49.98,,,39.99,,78.0,149.99,,124.99,,,29.99,34.99,40.0,39.99,41.0,35.0,99.0,,47.16,47.45,53.52,40.0,,,42.0,,,27.66,,44.0,,,,,20.0,,104.5,,31.25,46.25,,,26.49,41.0,,,33.24,39.99
AMD Ryzen 7 1700X,,,,,,,,,,,,,,,,,,,,,,,,,41.5,,20.5,47.0,,,,,,,,,,,,,,,,,,,,,,,,,,,64.99,,,,,,,,,,,,,,,,,,,48.97,,,,,71.96,,,38.0,,64.99,,,,,,,,,,,,,52.0,49.5,,36.33,,,38.0,44.99,47.95,,,49.25,,30.0,,,,,,38.0,,47.64,29.0,,27.0,,35.0,,,28.99,27.5,35.0,42.0,,,42.0,,50.0,,65.0,39.0,,,,,38.99,37.99,,39.99,32.0,,,36.92,39.99,,,,,48.0,,,,26.1,34.0,,,,
AMD Ryzen 7 1800X,,,,,,,,,,,,,,,,,,,,,,,,,70.0,,,,,,,,,,,,,,,,,,,,,,,,,,,,,,,,,,,,,,,,,,,,,,,,,,57.99,,,,,,,,37.5,50.0,54.64,,,,,,46.5,,55.4,68.81,,41.0,41.95,,,37.66,63.78,51.2,55.0,,55.0,,38.0,,,56.5,,,64.95,52.61,52.93,54.95,,65.0,,,49.99,52.0,53.99,,,,,,,,,,,62.49,69.9,56.0,,56.0,,46.48,,45.98,58.98,,50.0,,,,,50.0,,,,,,,125.0,,,,,59.4,,
AMD Ryzen 7 2700,,,,,,,,,,,,,,,,,,,,,,,69.75,,,,138.82,51.95,49.99,,,,,,,,,,,,,,,,,,,,,,,,,60.0,,,,,,,,,,,,,,,,,,,,50.0,54.99,47.7,,47.99,67.99,,31.0,,,50.5,58.0,51.5,54.5,50.5,,57.0,,51.0,,45.19,,54.66,42.0,45.5,,37.66,,59.99,,,,,55.5,,61.0,69.99,62.0,75.0,48.48,65.0,,59.99,,,,,,54.0,45.0,61.99,,,54.99,,,69.0,53.5,,60.0,49.95,54.99,50.0,52.0,41.05,,,57.99,46.0,40.0,42.0,54.0,50.15,,,55.0,50.0,,54.25,,,,92.5,12.0,47.5,,51.99,,,54.5,50.0
AMD Ryzen 7 2700X,,,,,,,,,72.99,,,,,,,,,,,,,,43.0,,64.29,,82.83,,147.5,,,,,,,,,,,,,52.05,,,,,,,,,,,,,,,,,,,,,,,,,,,,,,,,,43.5,41.6,53.25,55.0,61.48,,59.63,61.0,49.5,55.0,57.0,45.0,55.14,45.75,,51.5,58.5,46.66,48.0,59.0,,54.25,44.0,52.3,,51.65,51.5,48.59,55.0,53.0,50.0,56.92,61.5,44.0,56.5,66.96,52.83,52.0,41.0,42.49,51.0,64.99,45.0,54.24,82.5,45.67,,42.61,48.5,51.66,,,,,50.0,87.92,,,52.66,38.5,48.5,55.88,56.0,,49.5,44.95,55.0,47.0,55.0,40.0,48.33,,,,,70.0,62.0,43.74,49.66,,61.6,47.5,52.48,,52.99,55.27,,62.5,54.99,56.0
AMD Ryzen 7 3700X,,,,,,,,,,,,,,,,,,85.0,,,149.99,,77.67,,79.51,,85.16,67.1,76.45,,,,,,,,,,,,,,,,,,,,,,,,,,,,89.95,,,,,,,,85.49,,,,,,,,,75.19,84.5,68.33,80.5,59.5,76.25,,75.07,75.0,70.88,76.89,73.41,57.33,77.25,74.7,445.99,65.83,125.8,71.4,69.99,80.78,,91.5,75.86,83.49,78.6,64.8,64.83,95.81,71.74,68.46,75.0,85.0,82.33,83.62,105.16,68.25,72.75,76.06,88.0,82.5,197.49,83.57,70.5,76.38,77.5,89.75,76.64,79.67,100.0,74.25,,75.0,75.12,74.67,75.0,87.5,,78.37,76.5,81.0,79.12,81.98,69.01,86.0,64.85,72.75,69.99,75.75,68.33,71.46,79.99,97.12,75.29,,69.98,72.25,119.99,79.83,61.25,78.0,82.36,87.31,83.77,82.5,80.07,77.5,,77.5,87.48,81.31
AMD Ryzen 7 3800X,,,,,,,,,,,,,,,,,,,,,,,92.29,,95.0,,74.99,100.0,61.78,83.0,,,,,,,,,,,,,,,,,,,,,,,,,,,,,,,,,,,,,,,,,117.99,,,59.0,,82.5,,,,,85.33,85.0,,102.5,85.0,92.0,,96.08,,98.5,,61.0,,,,84.77,128.0,60.0,72.0,,,75.0,63.83,,73.99,57.49,115.0,46.0,90.0,,86.0,82.98,83.33,69.99,78.3,75.87,,65.28,90.0,80.0,66.0,80.0,,92.0,,,85.99,200.0,83.75,,,73.23,,,39.0,69.99,109.99,69.0,83.99,107.5,90.0,,89.0,,93.0,116.95,,128.36,87.99,,83.99,73.0,92.5,92.67,97.06,84.0,99.0,,78.0,94.99,,,67.0,
AMD Ryzen 7 5700,,,,,,,,,,,,,,,,,,,,,,,,,100.0,,,,132.99,,,,,,,,,,,,,,,,,,,,,,,,,,,,,,,,,,,,,,,,,,,,,,,,130.4,,,,,,127.0,82.0,128.16,15.5,,,,,,,,,,,,112.5,114.99,139.99,,71.0,79.99,,,,90.0,,196.05,,92.0,127.99,,105.0,,90.0,,,,151.97,127.99,,,,,119.95,,141.55,,,,,,,107.5,,,,,,,,109.22,,109.99,,,,109.48,119.99,,,72.97,,,,100.0,,,,,,99.0,
AMD Ryzen 7 5700G,,,,,,,,,192.94,,,,,,,,,,,,,,118.6,,141.79,,75.0,121.0,109.09,,,,,,,,177.47,,,,,,,,,,,,,,,,,,,,,,,159.99,,,,,,,,,,,,,,153.99,130.0,108.1,127.5,128.75,102.17,,126.67,125.61,131.19,128.25,119.95,50.0,123.95,146.97,,139.99,121.23,122.49,,,,92.25,102.28,121.75,77.0,116.16,94.99,121.58,119.66,112.62,136.19,130.0,77.0,127.5,150.0,129.0,125.0,134.0,166.75,100.0,95.32,100.0,129.99,39.0,87.25,121.49,130.0,120.0,119.0,138.88,,134.65,114.84,99.33,137.5,110.0,125.0,95.0,145.99,149.97,130.0,132.3,108.25,129.17,104.32,89.02,115.63,140.0,101.25,87.5,94.8,95.92,,,125.27,118.55,,142.0,76.75,86.25,136.5,116.27,134.0,117.75,103.0,155.0,,,111.98,115.87
AMD Ryzen 7 5700X,,,,,,,,,,,,,,,,,,,,,,,129.95,,118.08,,146.86,139.31,113.22,,,,,,,,,,,,,,,,,,,,,,,,155.65,,,,,,,,,,,,,,,,,,,,,98.61,183.99,126.17,130.25,108.75,94.83,,111.5,141.29,130.0,110.5,127.25,99.0,114.5,117.92,,112.5,117.0,108.5,104.0,97.5,,121.68,114.08,126.2,133.97,115.3,355.0,99.75,139.99,139.5,130.83,169.5,147.99,107.27,128.98,117.5,137.25,111.83,98.76,147.99,116.66,147.99,150.0,112.8,121.0,125.0,104.65,,159.99,139.49,,157.5,170.0,127.99,99.23,142.5,135.48,104.99,98.0,130.83,89.25,139.99,140.73,64.99,123.8,112.88,127.17,125.12,125.0,135.7,117.36,125.66,103.5,,108.87,126.0,158.99,126.23,,101.25,159.99,120.0,,107.5,133.75,129.0,,,101.5,107.5
AMD Ryzen 7 5700X3D,,,,,,,,,,,,,,,,,,,,,,,178.25,,,,233.99,201.87,201.33,186.46,,,,,,,,,,,,,,,,,,,,,,,,,,,,,,,,,,,,,,,,,,,,74.65,175.0,,190.0,173.12,155.83,,156.47,173.75,123.44,185.0,188.5,,,185.0,,,200.0,,200.0,178.46,,169.99,185.0,181.33,189.99,175.0,172.5,150.0,182.0,,116.49,196.0,,,179.99,155.0,165.83,182.5,189.99,,174.99,186.99,,199.99,200.0,139.99,186.65,172.0,170.0,175.0,,135.78,,115.0,112.55,128.0,175.0,121.11,180.0,169.99,197.5,200.0,180.0,153.75,189.99,,165.0,,162.5,170.0,128.0,177.25,,,,,,180.0,159.0,219.99,495.97,189.95,,,180.5,143.75,,,160.0,185.5
AMD Ryzen 7 5800X,,,,,,,,,,,,,,186.99,,,,,,,,,134.58,,145.1,,160.37,154.6,140.81,,,,172.73,,,,,,,,,,,,,,,,,,,,,,,,,,,,155.67,,,,,,,,,,,,,130.93,133.07,115.94,117.3,132.82,135.86,,107.17,128.5,125.99,114.03,135.76,108.93,96.58,138.55,,138.39,139.19,128.77,121.56,133.13,,126.08,126.65,151.03,119.75,132.36,122.76,116.57,132.23,129.75,148.08,134.14,,175.0,,47.0,123.5,131.42,122.49,136.6,145.26,134.34,139.33,,127.02,131.66,144.33,161.48,140.86,131.31,,137.68,135.06,116.07,131.75,,154.27,128.84,,,,,59.99,79.99,,,,,,,,,,,,,,,,,,,,,,,159.97,,,
AMD Ryzen 7 5800X3D,,204.74,,,,,,,,,,,,,,,,,,,,,386.25,,458.33,,373.19,385.89,436.42,110.0,,,,,,,,,,,,,,,,,,,,,,,,,,,,249.88,,,,,293.99,,,,,,,,,,,300.0,334.31,233.33,345.6,346.25,298.73,,280.5,319.53,326.34,384.6,350.0,263.74,357.79,323.83,,351.5,340.32,385.32,376.14,385.57,,215.07,360.0,306.14,322.5,360.88,257.25,,,401.33,339.3,333.29,300.0,323.25,365.0,270.0,307.5,364.3,275.0,299.85,364.16,359.54,327.11,344.62,451.01,294.49,389.0,312.0,369.0,399.99,,333.33,300.0,309.7,250.75,295.99,220.0,282.0,205.0,341.94,317.66,,302.18,305.0,315.0,332.0,310.0,301.66,329.99,295.0,306.16,281.66,335.33,,352.5,396.63,297.95,,273.16,340.0,209.99,290.0,328.0,300.0,300.0,238.32,,,228.2,275.33
AMD Ryzen 7 7700,,,,,,,,,,,,,,,,,,,,,,,832.99,,196.51,,198.97,185.0,,,,,,,,,,,,,,,,,,,,,,,,,,,,,,,,,,,,,,,,,,,,,,,,,175.0,195.0,196.0,,200.0,209.5,,600.0,186.0,,445.0,212.5,,631.0,199.99,,800.0,199.0,,,,139.32,,259.0,,,,,,,,,,,,,,,,,,,,,,,,,,,,,,,,,,,,,,,,,,,,,,,,,,,,,,,,,,,,229.95,,,,
AMD Ryzen 7 7700X,,,,,,,,209.0,,,,,,,,,,,,,,,216.67,338.14,235.23,,237.75,233.12,250.07,,,,,,,,,,,,179.99,,,,,,,249.97,,,,,,,,,,,,,,,,,,,,,,,,,,239.5,226.24,219.75,241.5,198.5,212.99,,237.24,240.0,318.0,213.44,213.39,250.83,250.0,213.83,,211.25,207.33,216.25,227.49,229.84,,174.16,234.25,269.99,185.0,245.5,233.63,231.66,219.99,165.0,231.33,212.66,230.78,228.75,123.33,202.5,280.0,229.1,237.5,215.0,246.64,203.5,265.0,226.65,245.0,144.5,205.99,,65.85,245.25,,215.5,229.78,145.25,190.0,169.49,221.5,197.5,230.91,249.95,187.5,239.0,199.47,227.5,202.5,218.12,150.0,222.37,227.5,218.65,216.87,194.97,209.95,,215.0,218.94,192.42,,222.33,205.0,400.0,190.0,225.0,236.35,210.17,199.5,,,,212.28
AMD Ryzen 7 7800X3D,,,,,534.95,,,,,,,,,,,,,,,,,,442.71,,507.93,,458.49,456.66,412.38,475.0,,,,,,,,,,,,,,,,,,,,,534.95,,,,,,,,,329.99,,,,,,,,,,,,,,379.14,376.97,380.42,375.99,380.63,353.38,,373.68,369.0,310.93,380.32,363.15,358.14,376.65,376.16,,390.74,395.24,386.67,363.24,401.83,,377.33,412.89,473.46,434.5,488.81,413.6,414.48,475.0,394.12,397.74,373.41,435.7,515.33,440.99,432.85,489.75,422.67,509.17,451.42,474.99,364.57,367.5,454.99,470.0,355.32,451.67,312.0,421.49,366.36,,409.49,416.0,336.22,393.75,423.75,419.66,346.62,423.0,450.06,460.0,448.59,500.0,452.87,,,,,,,,,,,,,,530.0,,,,439.33,394.98,481.2,453.41,432.46,,,,
AMD Ryzen 7 8700F,,,,,,,,,,,,,,,,,,,,,,,741.0,,,,192.49,,,,,,,,,,,,,,,,,,,,,,,,,,,,,,,,,,,,,,,,,,,,,,,,,,,,,,,,,,,224.99,,,,194.99,195.0,,,,,,195.0,186.96,,,,,,,,,,,,,,,,,,,154.5,,,,,,,,,,,,,,,,,,,,,,,,,,,,,,,,,,,,,,,,,,,,,,,
AMD Ryzen 7 8700G,,,,,,,,306.7,,,,,,,,,,,,,,,251.69,,,,,,,309.89,,,,,,,,,,,,,,,,,,,,,,,,,,,,,,,,,,,,,,,,,,,,,,,375.0,,,,,,,,,,,250.0,,,,,,,,,274.18,400.14,,267.99,,219.99,,242.41,224.95,,201.6,,,,,,,203.5,,,,,,,,,,,,,,,291.76,249.99,842.03,,,,259.99,,,,,,,,,,216.5,,249.99,,,,,,,,765.48,,,231.25,,211.72,,255.99,,215.75
AMD Ryzen 7 9700X,,,,,,,,,,,,,,,,,,,,,,,,,300.0,,307.98,,319.0,,,,,,,,,,,,,,,,,,,,,,,,,,,,,,,,,,,,,,,,,,,,,,250.0,260.0,,,,,,,289.0,289.0,299.0,,272.5,299.99,,,299.99,,,270.0,,,321.15,269.67,,315.0,,,,280.0,309.99,,304.99,,,,,334.5,,,,371.2,,329.99,,,,,,270.0,,310.05,,,,,250.0,297.5,,349.99,,,314.99,319.19,,,,,,275.0,,320.0,300.0,,,,,319.99,,,323.99,299.99,329.99,319.99,299.99,320.0,,,,
AMD Ryzen 9 3900,,,,,,,,,,,,,,,,,,,,,,,,,,,,,,,,,,,,,,,,,,,,,,,,,,,,,,,,,,,,,,,,,,,,,,,,,,,,,,,,,,,,,,,,,,,,,,,,,170.0,,,,,,,,,,,,,,203.0,,,,,89.99,149.87,,,125.0,,169.69,,,,,,,,,,,,,127.5,,,144.0,,,,,,,70.0,,79.97,,,,,,,140.0,,,,,,,,,,
AMD Ryzen 9 3900X,,,,,,,,,,,,,,,,,,,,,,,120.07,,143.02,,126.66,159.98,128.33,265.25,,,,,,,,,,,,,,,,,,,,,,,,,,,,,,,,,,,,,,,,,,,,136.31,133.12,142.49,108.41,103.33,110.0,481.51,135.0,141.33,137.4,61.1,159.66,149.0,135.0,133.0,,153.41,133.75,124.75,145.39,155.0,,157.5,94.83,112.24,154.0,160.4,150.0,123.5,136.25,142.69,159.31,107.52,140.0,,,,157.5,140.0,95.25,144.99,132.0,,144.99,138.87,126.31,129.25,125.0,132.67,129.5,138.75,,121.25,120.5,127.0,118.08,149.25,227.25,138.99,145.22,132.5,148.49,139.99,162.5,,,139.62,137.5,119.33,137.49,99.38,109.71,129.5,132.46,,151.12,120.25,89.0,138.83,128.35,92.8,145.0,189.75,146.25,142.06,150.0,143.0,,,,139.62
AMD Ryzen 9 3950X,,,,,,,,,,,,,,,,,,,,,,,240.83,,219.99,,200.0,250.0,270.0,182.5,,,,,,,,,227.99,,,,,,,,,,,,,,,,,,,,,,,,,,,,,,,,79.0,,,307.33,212.5,,,228.95,240.0,,270.0,180.0,,,229.0,,,212.5,,229.0,260.0,,200.0,199.25,,166.0,,366.0,,,,,,,194.17,192.5,184.15,188.93,,,180.35,,145.0,245.0,89.48,210.0,138.98,212.5,,151.1,175.0,199.98,,259.94,,200.0,195.0,249.0,193.75,205.0,200.0,,,,200.0,,250.0,220.0,,160.0,,,,205.0,,,169.99,,,222.5,,210.5,215.0,,200.0,,200.0,167.5,240.0,219.0,,,,
AMD Ryzen 9 5900X,,,,,,,,,,,,,,,,,,,,199.99,,,216.88,,207.07,,172.89,189.91,167.0,194.17,,,,,,,,,,,,,,,,,,,199.99,,,,,,,,,,,,,,,,,215.0,,,,,,,,,186.67,150.59,175.87,206.82,183.75,,189.75,184.17,163.96,193.75,183.49,179.99,162.12,174.7,,171.21,199.33,195.11,132.67,191.08,,159.31,189.88,193.4,,163.8,,,184.0,193.43,195.25,173.37,,,,,,,,,,,,,,,,,,,,,,,130.0,,,,139.99,,,,,,,,,,,,,,,,,,,,,,,,,,,,,,,
AMD Ryzen 9 5950X,,,,,,,,,,,,,,,,,,,,,,,258.17,,156.25,,326.8,272.5,296.5,81.0,,,,,,,,,,,,,,,,359.0,,,,,,,,398.99,,,,,,,,,,,,,,,,,494.5,529.98,,290.54,266.56,234.0,254.22,279.81,282.5,,266.25,299.5,239.99,185.0,432.5,226.6,281.9,230.0,,283.47,,285.0,163.69,231.63,,246.5,255.38,212.5,275.0,241.36,205.0,,272.5,256.0,249.95,272.5,256.0,267.84,,180.16,278.33,294.75,274.75,279.74,,257.0,273.99,231.99,288.41,263.78,241.38,270.0,262.0,287.03,,278.5,255.0,279.99,300.0,226.79,274.96,284.99,,279.99,293.0,226.68,222.7,232.0,265.25,162.0,290.49,240.16,301.65,277.5,147.5,271.87,339.0,,237.5,239.0,289.98,249.0,246.78,267.83,294.67,323.0,303.29,284.04,206.78,243.17,,,259.66,263.5
AMD Ryzen 9 7900,,,,,,,,349.99,,,,,,,,,,,,426.85,,,,,302.5,,319.99,,,,,,,,,,,,,,,,,,,,,,,,,,,,,,,,,,,,,,,,,,,,,,,360.0,250.0,,,,,,,,319.99,310.0,282.5,279.99,,,,329.0,346.31,278.16,289.99,,,,,,,300.0,,275.0,367.97,,,,,,,,,295.0,249.59,,400.0,,299.99,349.99,,,,,371.38,,,,,,,,,,250.0,434.2,275.0,,,,,,,,,289.0,,,,,364.5,257.15,230.0,,550.0,,,,,,,239.3,,,,
AMD Ryzen 9 7900X,,,,,328.0,,,,,394.99,,,,,,,,,,,,,214.15,,324.5,,304.32,292.5,260.0,325.0,,,,,,,,,,,,,,,,,,,,,,,,,,,,,,,,,,,,,,,,,,,,310.0,304.8,293.33,299.0,328.75,226.0,,255.0,241.91,249.16,235.0,261.67,,273.42,261.25,,291.43,240.0,273.33,278.99,200.4,,266.18,259.0,266.91,275.0,231.64,291.33,,269.0,294.75,285.0,,264.83,277.5,268.02,275.0,347.5,,270.0,291.47,293.62,287.91,273.0,297.0,304.99,99.0,280.8,285.0,227.0,281.0,,,272.0,319.6,266.33,322.73,312.5,284.5,344.75,297.5,297.5,282.77,255.0,279.99,279.99,294.5,,300.33,267.05,216.02,293.2,282.5,,,265.0,219.99,,280.0,285.0,299.0,282.5,293.19,323.33,173.33,288.0,309.6,,253.16,265.0,299.32
AMD Ryzen 9 7900X3D,,,,,,,,,,,,,,,,,,,,,,,409.99,,390.0,,,389.99,,540.0,,,,,,,,,,,,,,,,,,,,,,,,,356.52,,,,,,,,,,,,,515.64,,,,,,475.0,400.0,,,423.44,384.5,,400.0,380.0,,370.0,,,375.0,369.0,,389.99,,360.0,370.0,475.0,,371.38,315.0,500.0,,419.07,475.0,,400.0,378.0,400.0,,,435.0,,,415.0,,,621.55,385.0,400.0,,373.33,,423.33,,,430.0,420.0,,400.0,,,400.0,399.0,,410.0,,,,,,,404.5,316.67,399.33,333.0,416.68,367.0,394.5,420.98,439.99,,358.66,375.0,,375.0,391.66,240.0,389.07,421.99,,,344.99,,,,,
AMD Ryzen 9 7950X,,,,,,,,,,,,,,,,,,,,,,,371.62,,386.0,,350.81,447.97,479.99,432.0,,,,,,,,,,,,,,,,,,,,562.29,,,,479.99,,,,,,,,,,433.14,,,,,,,,,,299.0,400.0,412.57,411.12,447.0,356.95,,456.37,412.0,310.0,,320.33,492.5,385.0,371.0,,425.0,480.0,396.33,416.0,379.0,,372.25,438.52,404.88,446.16,450.0,,417.96,480.0,436.25,423.38,,445.16,430.0,425.0,480.0,,442.07,495.18,518.99,404.23,,400.0,,415.76,280.0,397.0,459.99,375.0,493.82,,,439.0,422.5,425.0,448.33,318.99,,378.33,379.99,417.5,485.0,390.0,394.0,281.15,399.2,392.0,460.0,431.15,386.2,446.0,373.75,407.7,,447.5,385.0,459.99,,353.0,439.5,391.98,491.66,375.0,456.33,436.66,475.0,,,462.5,322.72
AMD Ryzen 9 7950X3D,,,,,,,,,,,,,,,,,745.06,,,,,,494.5,,511.0,,423.56,504.5,504.99,,,,,,,,,,,,,,,,,,,,,,,,,,,,,,,,,,,,,,,,514.98,,,,,,432.5,490.9,469.64,473.0,509.16,,476.25,433.75,408.0,464.13,416.66,,456.33,512.47,,475.0,516.65,,525.0,440.86,,504.3,512.0,545.0,,510.71,516.66,,525.0,450.76,500.0,492.5,549.29,550.0,499.99,554.99,630.0,456.25,540.0,504.97,499.99,,,439.63,553.5,469.0,545.0,,484.98,500.0,,542.5,,,,477.5,,,588.88,450.0,537.48,544.93,486.24,396.67,458.5,467.5,490.0,491.92,479.0,,,494.5,,,480.0,,,322.97,550.0,493.31,477.5,269.98,543.33,,569.48,335.0,,,479.75,447.0
AMD Ryzen 9 9900X,,,,,,,,,,,,,,,,,,,,,,,360.0,,399.0,,350.0,449.0,,,,,,,,,,,,,,,,,,,,,,,,,,,,,,,,,,,,,,,,,,,,,,,,,355.0,398.99,,,365.0,345.0,,,,,360.0,406.99,,,350.0,,320.0,,,362.5,,,,,,379.99,365.0,,,,419.99,,,,,,459.0,,,443.76,,,,,,,373.86,,,,,,,,,,,,,,,,,,417.11,,,,342.29,,,,,,,,,,,,,419.99,420.0,,,,,
AMD Ryzen 9 9950X,,,,,,,,,,,,,,,,,,,,,,,,,,,,679.0,610.99,,,,,,,,,,,,,,,,,,,,,,,,,,,,,,,,,,,,,,,,,,,,,,569.99,569.99,,,642.5,,,,,,,,,,,574.5,593.31,,593.94,,,,600.0,639.0,,654.45,,,,566.0,569.99,609.0,622.5,,,,,715.0,,,,,600.0,,,589.95,599.0,,,649.0,,,,,,,,,,,,622.5,618.99,,,589.99,,,,,709.0,594.99,590.0,,,,,579.99,,93.29,593.33,525.0,525.0,542.06,,,,,,
